code,name,kind,address,district,lat,lng,hours,services,distance_km,owner_phone,capacity_per_hour
TP88-MYDINH,Tào Phớ 88 Mỹ Đình,official-store,"Số 18 Nguyễn Hoàng, Mỹ Đình 2, Nam Từ Liêm, Hà Nội",Nam Từ Liêm,21.028741,105.777906,06:30–22:00,Giao nhanh|Đơn nhóm|Gói tháng,0.8,,
TP88-KEANGNAM,Express Keangnam,official-store,"Sảnh A, Keangnam Landmark 72, Phạm Hùng, Hà Nội",,21.016662,105.783290,07:00–20:30,Nhận tại quầy|Đơn văn phòng,1.2,,
TP88-GARDENIA,Mộc Coffee · Gardenia,partner-counter,"Shop S2-03, Vinhomes Gardenia, Hàm Nghi, Hà Nội",,21.035807,105.770995,07:30–22:30,Coffee|Bán thêm Tào Phớ 88,2.4,,
TP88-CAUGIAY,Bếp Việt 24 · Cầu Giấy,distribution-partner,"88 Trần Thái Tông, Dịch Vọng Hậu, Cầu Giấy, Hà Nội",Cầu Giấy,21.033915,105.789612,10:00–21:30,Nhà hàng|Combo tráng miệng,4.6,,
TP88-TAYHO,Lá Coffee · Tây Hồ,partner-counter,"19 ngõ 67 Tô Ngọc Vân, Quảng An, Tây Hồ, Hà Nội",Tây Hồ,21.066217,105.826105,08:00–23:00,Coffee|Tào phớ signature,8.3,,
TP88-METRI,Tào Phớ 88 Mễ Trì,official-store,"46 Mễ Trì Hạ, Nam Từ Liêm, Hà Nội",Nam Từ Liêm,21.010654,105.778829,06:30–22:00,Giao nhanh|Đơn nhóm,1.8,,
TP88-PHAMHUNG,Bếp nhanh Phạm Hùng,official-store,"Số 7 Phạm Hùng, Nam Từ Liêm, Hà Nội",Nam Từ Liêm,21.018915,105.782884,07:00–22:30,Giao nhanh|Đơn nhóm,2.1,,
TP88-DINHTHON,Nếp Coffee · Đình Thôn,partner-counter,"32 Đình Thôn, Mỹ Đình 1, Nam Từ Liêm, Hà Nội",Nam Từ Liêm,21.017974,105.774868,07:00–22:30,Coffee|Tào Phớ 88,2.6,,
TP88-TRANDUYHUNG,Tào Phớ 88 Trần Duy Hưng,official-store,"128 Trần Duy Hưng, Trung Hòa, Cầu Giấy, Hà Nội",Cầu Giấy,21.007705,105.799005,06:30–22:00,Giao nhanh|Đơn nhóm,3.2,,
TP88-YENHOA,Mây Café · Yên Hòa,partner-counter,"19 Vũ Phạm Hàm, Yên Hòa, Cầu Giấy, Hà Nội",Cầu Giấy,21.017454,105.799854,07:00–22:30,Coffee|Tào Phớ 88,3.7,,
TP88-TRUNGKINH,Bếp Nhà 88 · Trung Kính,distribution-partner,"57 Trung Kính, Trung Hòa, Cầu Giấy, Hà Nội",Cầu Giấy,21.013663,105.802186,07:00–22:30,Đối tác xác minh|Đặt tại điểm,4.1,,
TP88-XUANTHUY,Tào Phớ 88 Xuân Thủy,official-store,"165 Xuân Thủy, Dịch Vọng Hậu, Cầu Giấy, Hà Nội",Cầu Giấy,21.036368,105.783788,06:30–22:00,Giao nhanh|Đơn nhóm,4.5,,
TP88-HOTUNGMAU,An Coffee · Hồ Tùng Mậu,partner-counter,"92 Hồ Tùng Mậu, Mai Dịch, Cầu Giấy, Hà Nội",Cầu Giấy,21.040297,105.774621,09:00–21:00,Coffee|Tào Phớ 88,4.9,,
TP88-NHON,Tào Phớ 88 Nhổn,official-store,"218 Nhổn, Bắc Từ Liêm, Hà Nội",Bắc Từ Liêm,21.048230,105.741988,07:00–22:30,Giao nhanh|Đơn nhóm,5.8,,
TP88-XUANPHUONG,Hub Xuân Phương,official-store,"67 Trịnh Văn Bô, Xuân Phương, Nam Từ Liêm, Hà Nội",Nam Từ Liêm,21.040954,105.750220,06:30–22:00,Giao nhanh|Đơn nhóm,6.1,,
TP88-HADONG,Tào Phớ 88 Hà Đông,official-store,"86 Trần Phú, Mộ Lao, Hà Đông, Hà Nội",Hà Đông,20.981853,105.785055,07:00–22:30,Giao nhanh|Đơn nhóm,6.7,,
TP88-VANQUAN,Góc Nhỏ Café · Văn Quán,partner-counter,"B14 Văn Quán, Hà Đông, Hà Nội",Hà Đông,20.978980,105.790675,07:00–22:30,Coffee|Tào Phớ 88,7.2,,
TP88-MYDINHSTADIUM,Express Sân vận động Mỹ Đình,official-store,"Đường Lê Đức Thọ, Mỹ Đình 1, Nam Từ Liêm, Hà Nội",Nam Từ Liêm,21.020995,105.763398,06:30–22:00,Giao nhanh|Đơn nhóm,3.5,,
TP88-VINCOMSKYLAKE,Skylake Pantry · Phạm Hùng,distribution-partner,"Vincom Skylake, 50 Phạm Hùng, Nam Từ Liêm, Hà Nội",Nam Từ Liêm,21.020659,105.780811,07:00–22:30,Đối tác xác minh|Đặt tại điểm,2.3,,
TP88-ROYALCITY,Tào Phớ 88 Royal City,official-store,"72A Nguyễn Trãi, Thanh Xuân, Hà Nội",Thanh Xuân,21.003224,105.815646,07:00–22:30,Giao nhanh|Đơn nhóm,7.8,,
TP88-THANHXUAN,Bếp Việt · Thanh Xuân,distribution-partner,"118 Nguyễn Tuân, Thanh Xuân, Hà Nội",Thanh Xuân,20.994747,105.805563,09:00–21:00,Đối tác xác minh|Đặt tại điểm,7.4,,
TP88-LANGHA,Mầm Coffee · Láng Hạ,partner-counter,"61 Láng Hạ, Đống Đa, Hà Nội",Đống Đa,21.013159,105.815442,07:00–22:30,Coffee|Tào Phớ 88,7.9,,
TP88-GIANGVO,Tào Phớ 88 Giảng Võ,official-store,"148 Giảng Võ, Ba Đình, Hà Nội",Ba Đình,21.026452,105.821512,07:00–22:30,Giao nhanh|Đơn nhóm,8.5,,
TP88-LINHDAM,Lá Nếp · Linh Đàm,partner-counter,"HH2A Linh Đàm, Hoàng Mai, Hà Nội",Hoàng Mai,20.964165,105.825246,06:30–22:00,Coffee|Tào Phớ 88,10.8,,
TP88-CAUDIEN,Tào Phớ 88 Cầu Diễn,official-store,"106 Cầu Diễn, Bắc Từ Liêm, Hà Nội",Bắc Từ Liêm,21.041312,105.760023,07:00–22:30,Giao nhanh|Đơn nhóm,5.3,,
TP88-TAYMO,Nhà Mình Café · Tây Mỗ,partner-counter,"33 Tây Mỗ, Nam Từ Liêm, Hà Nội",Nam Từ Liêm,21.005572,105.747574,07:00–22:30,Coffee|Tào Phớ 88,6.9,,
TP88-SMARTCITY,Tào Phớ 88 Smart City,official-store,"S2.05 Vinhomes Smart City, Tây Mỗ, Hà Nội",,21.006002,105.735499,06:30–22:00,Giao nhanh|Đơn nhóm,8.1,,
TP88-MOLAO,Nếp Mới · Mộ Lao,partner-counter,"KĐT Mộ Lao, Hà Đông, Hà Nội",Hà Đông,20.984979,105.793501,07:00–22:30,Coffee|Tào Phớ 88,7.1,,
TP88-VANPHUC,Tào Phớ 88 Vạn Phúc,official-store,"48 Vạn Phúc, Hà Đông, Hà Nội",Hà Đông,20.980983,105.770118,09:00–21:00,Giao nhanh|Đơn nhóm,8.2,,
TP88-NGOCKHANH,Trạm Xanh · Ngọc Khánh,distribution-partner,"21 Phạm Huy Thông, Ba Đình, Hà Nội",Ba Đình,21.030029,105.818498,06:30–22:00,Đối tác xác minh|Đặt tại điểm,8.2,,
TP88-BUOI,Tào Phớ 88 Bưởi,official-store,"238 đường Bưởi, Ba Đình, Hà Nội",Ba Đình,21.044418,105.812751,07:00–22:30,Giao nhanh|Đơn nhóm,8.6,,
TP88-LACLONGQUAN,Mây Hồ Tây · Lạc Long Quân,partner-counter,"287 Lạc Long Quân, Tây Hồ, Hà Nội",Tây Hồ,21.062365,105.810012,07:00–22:30,Coffee|Tào Phớ 88,10.2,,
TP88-LONGBIEN,Tào Phớ 88 Long Biên,official-store,"56 Nguyễn Văn Cừ, Long Biên, Hà Nội",Long Biên,21.041002,105.872019,06:30–22:00,Giao nhanh|Đơn nhóm,15.4,,
TP88-GIALAM,Phố Nhỏ Café · Gia Lâm,partner-counter,"102 Ngô Xuân Quảng, Trâu Quỳ, Gia Lâm, Hà Nội",Gia Lâm,21.019574,105.938437,07:00–22:30,Coffee|Tào Phớ 88,21.6,,
TP88-DONGANH,Tào Phớ 88 Đông Anh,official-store,"68 Cao Lỗ, Uy Nỗ, Đông Anh, Hà Nội",Đông Anh,21.136858,105.847125,07:00–22:30,Giao nhanh|Đơn nhóm,23.7,,
TP88-HOAIDUC,Tào Phớ 88 Hoài Đức,distribution-partner,"KĐT Geleximco, An Khánh, Hoài Đức, Hà Nội",Hoài Đức,20.993288,105.706735,06:30–22:00,Đối tác xác minh|Đặt tại điểm,13.8,,
